title,price,rating,availability
A Light in the Attic,Â£51.77,3,In stock
Tipping the Velvet,Â£53.74,1,In stock
Soumission,Â£50.10,1,In stock
Sharp Objects,Â£47.82,4,In stock
Sapiens: A Brief History of Humankind,Â£54.23,5,In stock
The Requiem Red,Â£22.65,1,In stock
The Dirty Little Secrets of Getting Your Dream Job,Â£33.34,4,In stock
"The Coming Woman: A Novel Based on the Life of the Infamous Feminist, Victoria Woodhull",Â£17.93,3,In stock
The Boys in the Boat: Nine Americans and Their Epic Quest for Gold at the 1936 Berlin Olympics,Â£22.60,4,In stock
The Black Maria,Â£52.15,1,In stock
"Starving Hearts (Triangular Trade Trilogy, #1)",Â£13.99,2,In stock
Shakespeare's Sonnets,Â£20.66,4,In stock
Set Me Free,Â£17.46,5,In stock
Scott Pilgrim's Precious Little Life (Scott Pilgrim #1),Â£52.29,5,In stock
Rip it Up and Start Again,Â£35.02,5,In stock
"Our Band Could Be Your Life: Scenes from the American Indie Underground, 1981-1991",Â£57.25,3,In stock
Olio,Â£23.88,1,In stock
Mesaerion: The Best Science Fiction Stories 1800-1849,Â£37.59,1,In stock
Libertarianism for Beginners,Â£51.33,2,In stock
It's Only the Himalayas,Â£45.17,2,In stock
In Her Wake,Â£12.84,1,In stock
How Music Works,Â£37.32,2,In stock
"Foolproof Preserving: A Guide to Small Batch Jams, Jellies, Pickles, Condiments, and More: A Foolproof Guide to Making Small Batch Jams, Jellies, Pickles, Condiments, and More",Â£30.52,3,In stock
Chase Me (Paris Nights #2),Â£25.27,5,In stock
Black Dust,Â£34.53,5,In stock
Birdsong: A Story in Pictures,Â£54.64,3,In stock
America's Cradle of Quarterbacks: Western Pennsylvania's Football Factory from Johnny Unitas to Joe Montana,Â£22.50,3,In stock
Aladdin and His Wonderful Lamp,Â£53.13,3,In stock
Worlds Elsewhere: Journeys Around Shakespeareâs Globe,Â£40.30,5,In stock
Wall and Piece,Â£44.18,4,In stock
The Four Agreements: A Practical Guide to Personal Freedom,Â£17.66,5,In stock
The Five Love Languages: How to Express Heartfelt Commitment to Your Mate,Â£31.05,3,In stock
The Elephant Tree,Â£23.82,5,In stock
The Bear and the Piano,Â£36.89,1,In stock
Sophie's World,Â£15.94,5,In stock
Penny Maybe,Â£33.29,3,In stock
Maude (1883-1993):She Grew Up with the country,Â£18.02,2,In stock
"In a Dark, Dark Wood",Â£19.63,1,In stock
Behind Closed Doors,Â£52.22,4,In stock
You can't bury them all: Poems,Â£33.63,2,In stock
Slow States of Collapse: Poems,Â£57.31,3,In stock
Reasons to Stay Alive,Â£26.41,2,In stock
Private Paris (Private #10),Â£47.61,5,In stock
#HigherSelfie: Wake Up Your Life. Free Your Soul. Find Your Tribe.,Â£23.11,5,In stock
Without Borders (Wanderlove #1),Â£45.07,2,In stock
When We Collided,Â£31.77,1,In stock
"We Love You, Charlie Freeman",Â£50.27,5,In stock
Untitled Collection: Sabbath Poems 2014,Â£14.27,4,In stock
"Unseen City: The Majesty of Pigeons, the Discreet Charm of Snails & Other Wonders of the Urban Wilderness",Â£44.18,4,In stock
Unicorn Tracks,Â£18.78,3,In stock
"Unbound: How Eight Technologies Made Us Human, Transformed Society, and Brought Our World to the Brink",Â£25.52,1,In stock
Tsubasa: WoRLD CHRoNiCLE 2 (Tsubasa WoRLD CHRoNiCLE #2),Â£16.28,1,In stock
Throwing Rocks at the Google Bus: How Growth Became the Enemy of Prosperity,Â£31.12,3,In stock
This One Summer,Â£19.49,4,In stock
Thirst,Â£17.27,5,In stock
The Torch Is Passed: A Harding Family Story,Â£19.09,1,In stock
The Secret of Dreadwillow Carse,Â£56.13,1,In stock
"The Pioneer Woman Cooks: Dinnertime: Comfort Classics, Freezer Food, 16-Minute Meals, and Other Delicious Ways to Solve Supper!",Â£56.41,1,In stock
The Past Never Ends,Â£56.50,4,In stock
The Natural History of Us (The Fine Art of Pretending #2),Â£45.22,3,In stock
The Nameless City (The Nameless City #1),Â£38.16,4,In stock
The Murder That Never Was (Forensic Instincts #5),Â£54.11,3,In stock
The Most Perfect Thing: Inside (and Outside) a Bird's Egg,Â£42.96,4,In stock
"The Mindfulness and Acceptance Workbook for Anxiety: A Guide to Breaking Free from Anxiety, Phobias, and Worry Using Acceptance and Commitment Therapy",Â£23.89,4,In stock
The Life-Changing Magic of Tidying Up: The Japanese Art of Decluttering and Organizing,Â£16.77,3,In stock
"The Inefficiency Assassin: Time Management Tactics for Working Smarter, Not Longer",Â£20.59,5,In stock
The Gutsy Girl: Escapades for Your Life of Epic Adventure,Â£37.13,1,In stock
The Electric Pencil: Drawings from Inside State Hospital No. 3,Â£56.06,1,In stock
The Death of Humanity: and the Case for Life,Â£58.11,4,In stock
"The Bulletproof Diet: Lose up to a Pound a Day, Reclaim Energy and Focus, Upgrade Your Life",Â£49.05,3,In stock
The Art Forger,Â£40.76,3,In stock
The Age of Genius: The Seventeenth Century and the Birth of the Modern Mind,Â£19.73,1,In stock
The Activist's Tao Te Ching: Ancient Advice for a Modern Revolution,Â£32.24,5,In stock
Spark Joy: An Illustrated Master Class on the Art of Organizing and Tidying Up,Â£41.83,4,In stock
Soul Reader,Â£39.58,2,In stock
Security,Â£39.25,2,In stock
"Saga, Volume 6 (Saga (Collected Editions) #6)",Â£25.02,3,In stock
"Saga, Volume 5 (Saga (Collected Editions) #5)",Â£51.04,2,In stock
Reskilling America: Learning to Labor in the Twenty-First Century,Â£19.83,2,In stock
"Rat Queens, Vol. 3: Demons (Rat Queens (Collected Editions) #11-15)",Â£50.40,3,In stock
"Princess Jellyfish 2-in-1 Omnibus, Vol. 01 (Princess Jellyfish 2-in-1 Omnibus #1)",Â£13.61,5,In stock
Princess Between Worlds (Wide-Awake Princess #5),Â£13.34,5,In stock
"Pop Gun War, Volume 1: Gift",Â£18.97,1,In stock
"Political Suicide: Missteps, Peccadilloes, Bad Calls, Backroom Hijinx, Sordid Pasts, Rotten Breaks, and Just Plain Dumb Mistakes in the Annals of American Politics",Â£36.28,2,In stock
Patience,Â£10.16,3,In stock
"Outcast, Vol. 1: A Darkness Surrounds Him (Outcast #1)",Â£15.44,4,In stock
orange: The Complete Collection 1 (orange: The Complete Collection #1),Â£48.41,1,In stock
Online Marketing for Busy Authors: A Step-By-Step Guide,Â£46.35,1,In stock
On a Midnight Clear,Â£14.07,3,In stock
Obsidian (Lux #1),Â£14.86,2,In stock
My Paris Kitchen: Recipes and Stories,Â£33.37,2,In stock
Masks and Shadows,Â£56.40,2,In stock
"Mama Tried: Traditional Italian Cooking for the Screwed, Crude, Vegan, and Tattooed",Â£14.02,4,In stock
"Lumberjanes, Vol. 2: Friendship to the Max (Lumberjanes #5-8)",Â£46.91,2,In stock
"Lumberjanes, Vol. 1: Beware the Kitten Holy (Lumberjanes #1-4)",Â£45.61,3,In stock
Lumberjanes Vol. 3: A Terrible Plan (Lumberjanes #9-12),Â£19.92,2,In stock
"Layered: Baking, Building, and Styling Spectacular Cakes",Â£40.11,1,In stock
Judo: Seven Steps to Black Belt (an Introductory Guide for Beginners),Â£53.90,2,In stock
Join,Â£35.67,5,In stock
In the Country We Love: My Family Divided,Â£22.00,4,In stock
